lapname,laptime
0,0:00:00.003105
1,0:00:00.003054
2,0:00:00.003066
